{"cameraMode":{"drawMode":0,"name":"Shaded","section":"Shading Mode"},"sceneLighting":true,"audioPlay":false,"sceneViewState":{"showFog":true,"showMaterialUpdate":false,"showSkybox":true,"showFlares":true,"showImageEffects":true,"showParticleSystems":true,"showVisualEffectGraphs":true,"m_FxEnabled":false},"in2DMode":false,"pivot":{"x":56.5526123046875,"y":41.80448913574219,"z":-10.964324951171875},"rotation":{"x":-0.055688466876745227,"y":0.057474106550216678,"z":-0.0032115972135215999,"w":-0.9967833757400513},"size":70.2633285522461,"orthographic":false}